ticker,status
MMM,no_filings
AOS,no_filings
ABT,no_filings
ABBV,no_filings
ACN,no_filings
ADBE,no_filings
AMD,no_filings
AES,no_filings
AFL,no_filings
A,no_filings
APD,no_filings
ABNB,no_filings
AKAM,no_filings
ALB,no_filings
ARE,no_filings
ALGN,no_filings
ALLE,no_filings
LNT,no_filings
ALL,no_filings
GOOGL,no_filings
GOOG,no_filings
MO,no_filings
AMZN,no_filings
AMCR,no_filings
AEE,no_filings
AEP,no_filings
AXP,no_filings
AIG,no_filings
AMT,no_filings
AWK,no_filings
AMP,no_filings
AME,no_filings
AMGN,no_filings
APH,no_filings
ADI,no_filings
AON,no_filings
APA,no_filings
APO,no_filings
AAPL,no_filings
AMAT,no_filings
APP,no_filings
APTV,no_filings
ACGL,no_filings
ADM,no_filings
ARES,no_filings
ANET,no_filings
AJG,no_filings
AIZ,no_filings
T,no_filings
ATO,no_filings
ADSK,no_filings
ADP,no_filings
AZO,no_filings
AVY,no_filings
AXON,no_filings
BKR,no_filings
BALL,no_filings
BAC,no_filings
BAX,no_filings
BDX,no_filings
BRK-B,no_filings
BBY,no_filings
TECH,no_filings
BIIB,no_filings
BLK,no_filings
BX,no_filings
XYZ,no_filings
BE,no_filings
BNY,no_filings
BA,no_filings
BKNG,no_filings
BSX,no_filings
BMY,no_filings
AVGO,no_filings
BR,no_filings
BRO,no_filings
BF-B,no_filings
BG,no_filings
BXP,no_filings
CHRW,no_filings
CDNS,no_filings
CPT,no_filings
COF,no_filings
CAH,no_filings
CCL,no_filings
CARR,no_filings
CVNA,no_filings
CASY,no_filings
CAT,no_filings
CBOE,no_filings
CBRE,no_filings
CDW,no_filings
COR,no_filings
CNC,no_filings
CNP,no_filings
CF,no_filings
CRL,no_filings
SCHW,no_filings
CHTR,no_filings
CVX,no_filings
CMG,no_filings
CB,no_filings
CHD,no_filings
CIEN,no_filings
CI,no_filings
CINF,no_filings
CTAS,no_filings
CSCO,no_filings
C,no_filings
CFG,no_filings
CLX,no_filings
CME,no_filings
CMS,no_filings
KO,no_filings
CTSH,no_filings
COHR,no_filings
COIN,no_filings
CL,no_filings
CMCSA,no_filings
FIX,no_filings
COP,no_filings
ED,no_filings
STZ,no_filings
CEG,no_filings
COO,no_filings
CPRT,no_filings
GLW,no_filings
CPAY,no_filings
CTVA,no_filings
CSGP,no_filings
COST,no_filings
CRH,no_filings
CRWD,no_filings
CCI,no_filings
CSX,no_filings
CMI,no_filings
CVS,no_filings
DHR,no_filings
DRI,no_filings
DDOG,no_filings
DVA,no_filings
DECK,no_filings
DE,no_filings
DELL,no_filings
DAL,no_filings
DVN,no_filings
DXCM,no_filings
FANG,no_filings
DLR,no_filings
DG,no_filings
DLTR,no_filings
D,no_filings
DPZ,no_filings
DASH,no_filings
DOV,no_filings
DOW,no_filings
DHI,no_filings
DTE,no_filings
DUK,no_filings
DD,no_filings
ETN,no_filings
EBAY,no_filings
ECHO,no_filings
ECL,no_filings
EIX,no_filings
EW,no_filings
ELV,no_filings
EME,no_filings
EMR,no_filings
ETR,no_filings
EOG,no_filings
EQT,no_filings
EFX,no_filings
EQIX,no_filings
ERIE,no_filings
ESS,no_filings
EL,no_filings
EG,no_filings
EVRG,no_filings
P,no_filings
ES,no_filings
EXC,no_filings
EXE,no_filings
EXPE,no_filings
EXPD,no_filings
EXR,no_filings
XOM,no_filings
FFIV,no_filings
FDS,no_filings
FICO,no_filings
FAST,no_filings
FRT,no_filings
FDX,no_filings
FDXF,no_filings
FERG,no_filings
FIS,no_filings
FITB,no_filings
FSLR,no_filings
FE,no_filings
FISV,no_filings
FLEX,no_filings
F,no_filings
FTNT,no_filings
FTV,no_filings
FOXA,no_filings
FOX,no_filings
BEN,no_filings
FCX,no_filings
GRMN,no_filings
IT,no_filings
GE,no_filings
GEHC,no_filings
GEV,no_filings
GEN,no_filings
GNRC,no_filings
GD,no_filings
GIS,no_filings
GM,no_filings
GPC,no_filings
GILD,no_filings
GPN,no_filings
GL,no_filings
GDDY,no_filings
GS,no_filings
HAL,no_filings
HIG,no_filings
HAS,no_filings
HCA,no_filings
DOC,no_filings
HSIC,no_filings
HSY,no_filings
HPE,no_filings
HLT,no_filings
HD,no_filings
HONA,no_filings
HON,no_filings
HRL,no_filings
HST,no_filings
HWM,no_filings
HPQ,no_filings
HUBB,no_filings
HUM,no_filings
HBAN,no_filings
HII,no_filings
IBM,no_filings
IEX,no_filings
IDXX,no_filings
ITW,no_filings
ILMN,no_filings
INCY,no_filings
IR,no_filings
PODD,no_filings
INTC,no_filings
IBKR,no_filings
ICE,no_filings
IFF,no_filings
IP,no_filings
INTU,no_filings
ISRG,no_filings
IVZ,no_filings
INVH,no_filings
IQV,no_filings
IRM,no_filings
JBHT,no_filings
JBL,no_filings
JKHY,no_filings
J,no_filings
JNJ,no_filings
JCI,no_filings
JPM,no_filings
KVUE,no_filings
KDP,no_filings
KEY,no_filings
KEYS,no_filings
KMB,no_filings
KIM,no_filings
KMI,no_filings
KKR,no_filings
KLAC,no_filings
KHC,no_filings
KR,no_filings
LHX,no_filings
LH,no_filings
LRCX,no_filings
LVS,no_filings
LDOS,no_filings
LEN,no_filings
LII,no_filings
LLY,no_filings
LIN,no_filings
LYV,no_filings
LMT,no_filings
L,no_filings
LOW,no_filings
LULU,no_filings
LITE,no_filings
LYB,no_filings
MTB,no_filings
MPC,no_filings
MAR,no_filings
MRSH,no_filings
MLM,no_filings
MRVL,no_filings
MAS,no_filings
MA,no_filings
MKC,no_filings
MCD,no_filings
MCK,no_filings
MDT,no_filings
MRK,no_filings
META,no_filings
MET,no_filings
MTD,no_filings
MGM,no_filings
MCHP,no_filings
MU,no_filings
MSFT,no_filings
MAA,no_filings
MRNA,no_filings
MDLZ,no_filings
MPWR,no_filings
MNST,no_filings
MCO,no_filings
MS,no_filings
MOS,no_filings
MSI,no_filings
MSCI,no_filings
NDAQ,no_filings
NTAP,no_filings
NFLX,no_filings
NEM,no_filings
NWSA,no_filings
NWS,no_filings
NEE,no_filings
NKE,no_filings
NI,no_filings
NDSN,no_filings
NSC,no_filings
NTRS,no_filings
NOC,no_filings
NCLH,no_filings
NRG,no_filings
NUE,no_filings
NVDA,no_filings
NVR,no_filings
NXPI,no_filings
ORLY,no_filings
OXY,no_filings
ODFL,no_filings
OMC,no_filings
ON,no_filings
OKE,no_filings
ORCL,no_filings
OTIS,no_filings
PCAR,no_filings
PKG,no_filings
PLTR,no_filings
PANW,no_filings
PSKY,no_filings
PH,no_filings
PAYX,no_filings
PYPL,no_filings
PNR,no_filings
PEP,no_filings
PFE,no_filings
PCG,no_filings
PM,no_filings
PSX,no_filings
PNW,no_filings
PNC,no_filings
PPG,no_filings
PPL,no_filings
PFG,no_filings
PG,no_filings
PGR,no_filings
PLD,no_filings
PRU,no_filings
PEG,no_filings
PTC,no_filings
PSA,no_filings
PHM,no_filings
PWR,no_filings
QCOM,no_filings
DGX,no_filings
Q,no_filings
RL,no_filings
RJF,no_filings
RDDT,no_filings
RTX,no_filings
O,no_filings
REG,no_filings
REGN,no_filings
RF,no_filings
RSG,no_filings
RMD,no_filings
RVTY,no_filings
HOOD,no_filings
ROK,no_filings
ROL,no_filings
ROP,no_filings
ROST,no_filings
RCL,no_filings
SPGI,no_filings
CRM,no_filings
SNDK,no_filings
SBAC,no_filings
SLB,no_filings
STX,no_filings
SRE,no_filings
NOW,no_filings
SHW,no_filings
SPG,no_filings
SWKS,no_filings
SJM,no_filings
SW,no_filings
SNA,no_filings
SOLV,no_filings
SO,no_filings
LUV,no_filings
SWK,no_filings
SBUX,no_filings
STT,no_filings
STLD,no_filings
STE,no_filings
SYK,no_filings
SMCI,no_filings
SYF,no_filings
SNPS,no_filings
SYY,no_filings
TMUS,no_filings
TROW,no_filings
TTWO,no_filings
TPR,no_filings
TRGP,no_filings
TGT,no_filings
TEL,no_filings
TDY,no_filings
TER,no_filings
TSLA,no_filings
TXN,no_filings
TPL,no_filings
TXT,no_filings
TMO,no_filings
TJX,no_filings
TKO,no_filings
TSCO,no_filings
TT,no_filings
TDG,no_filings
TRV,no_filings
TRMB,no_filings
TFC,no_filings
TYL,no_filings
TSN,no_filings
USB,no_filings
UBER,no_filings
UDR,no_filings
ULTA,no_filings
UNP,no_filings
UAL,no_filings
UPS,no_filings
URI,no_filings
UNH,no_filings
UHS,no_filings
VLO,no_filings
VEEV,no_filings
VTR,no_filings
VLTO,no_filings
VRSN,no_filings
VRSK,no_filings
VZ,no_filings
VRTX,no_filings
VRT,no_filings
VTRS,no_filings
VICI,no_filings
V,no_filings
VST,no_filings
VMRK,no_filings
VMC,no_filings
WRB,no_filings
GWW,no_filings
WAB,no_filings
WMT,no_filings
DIS,no_filings
WBD,no_filings
WM,no_filings
WAT,no_filings
WEC,no_filings
WFC,no_filings
WELL,no_filings
WST,no_filings
WDC,no_filings
WY,no_filings
WSM,no_filings
WMB,no_filings
WTW,no_filings
WDAY,no_filings
WYNN,no_filings
XEL,no_filings
XYL,no_filings
YUM,no_filings
ZBRA,no_filings
ZBH,no_filings
ZTS,no_filings
